<?xml version="1.0" encoding="UTF-8"?>
<project-private xmlns="http://www.netbeans.org/ns/project-private/1">
    <editor-bookmarks xmlns="http://www.netbeans.org/ns/editor-bookmarks/2" lastBookmarkId="0"/>
    <open-files xmlns="http://www.netbeans.org/ns/projectui-open-files/2">
        <group>
            <file>file:/Users/prunellaparisa/NetBeansProjects/DMSA4RestfulService/src/java/messageBeans/DonationMessage.java</file>
            <file>file:/Users/prunellaparisa/NetBeansProjects/DMSA4RestfulService/src/java/beans/Account.java</file>
            <file>file:/Users/prunellaparisa/NetBeansProjects/DMSA4RestfulService/src/java/beans/Donation.java</file>
            <file>file:/Users/prunellaparisa/NetBeansProjects/DMSA4RestfulService/src/java/beanManagers/DonationManager.java</file>
            <file>file:/Users/prunellaparisa/NetBeansProjects/DMSA4RestfulService/src/java/messageBeans/AccountMessage.java</file>
            <file>file:/Users/prunellaparisa/NetBeansProjects/DMSA4RestfulService/src/java/beanManagers/AccountManager.java</file>
        </group>
    </open-files>
</project-private>
